2.88E+17,"Should I put his hand in a warm bowl of water? Haha get cho ass up!!
 @ Kandui "
2.87E+17,"My vibe for the next 10 days... Worth every hour it took to get here.. #kanduiresort
#nobodyarou @ Mentawais "
2.87E+17,Later Padang... Hello Mentawais #kandui #offseason #nobodyaround 
2.87E+17,Finally  @ Padang 
2.87E+17,Just make yourself nice and comfortable anthonymarcotti .. Delayed  @ Jakarta 
2.87E+17,Thanks Jakarta for 5 hours of your time.. 40 hours down 14 to go!! @ INDO 
2.87E+17,?? @ Taipai 
2.87E+17,Shades and a shave.. Back on the move with anthonymarcotti put that thing down Anthony!!  @ Taipai 
2.87E+17,Super energized for the net flight!!! Can't you tell?  @ Taipai 
2.87E+17,14 hours down... 40 more to go... 10 hour layover... nap time  @ Taipei 
2.87E+17,Headed south with anthonymarcotti #Indobound  @ LAX 
2.86E+17,Thinking about growing a real one... Thoughts? Hah good times last night @nickmontealegre 
2.86E+17,He found some new friends 
2.86E+17,Waiting and waiting....... And waiting @ Federal Building 
2.85E+17,I don't think he likes it when I play with his ears... 
2.85E+17,Rephrase... Good man anthonymarcotti 
2.85E+17,Does anybody wanna go for a swim? #nofilter @ Malibu 
2.84E+17,After 10 years she is finally coming home.. 
2.84E+17,Love my brother @sprandoni  and sister @leahfelder .. Family time is so important 
2.84E+17,"If Santa didn't make it to your house, now you know why... We had a rough one    

MERRY CHRISTMAS AND HAPPY "
2.83E+17,Christmas Eve Family Time 
2.83E+17,Doesn't get better than this place 
2.83E+17,Sunrise at sea #nofilter 
2.83E+17,Almost back in civilization... Successful mission with DAC and @sprandoni  @ Off the Map 
2.82E+17,Just posted a photo 
2.82E+17,See you in a couple days @ Pt Conception 
2.82E+17,Rise and shine 
2.82E+17,Always nice to be home @ Malibu 
2.82E+17,It's time to get rid of this thing... #ItoldyouiwasnotlyingwhenIdidntgetthemessage 
2.81E+17,Just posted a photo 
2.81E+17,Windy days tackelberry 
2.81E+17,Paradise  @ Indo 
2.81E+17,Played a good round today with pops... Bruiser was on fire today unfortunately  @ Sherwood CC 
2.81E+17,Just posted a photo @ Malibu 
2.81E+17,This game is legit
2.80E+17,This is one of the greatest photos I've ever seen.. Thanks sis @leahfelder 
2.80E+17,She won't take no for an answer!! Haha best cat in the world 
2.80E+17,Follow the light 
2.80E+17,Rise and shine 
2.79E+17,My little man getting his yoga on... #downwarddog 
2.79E+17,Time to Throw down... Where u at tackelberry and jesse_fishman 
2.78E+17,Typical Vegas airport Lops 
2.78E+17,Repost!!! @tallywood @austincarlile 
2.78E+17,Yeah it's going down like this...  @greglaplant tackelberry football Sunday :) 
2.78E+17,"Hey Whoowee Guys!!!
Here we go !!!!!!!
Time to pucker up and blow this shit out!!
OMG I DID IT!!!!! 
Haha ha "
2.78E+17,Not a bad way to start the Saturday night off.. Can't believe alexmaineus calls this work haha 
2.78E+17,Health food 
2.78E+17,Fuel 
2.77E+17,@westside_surf sorry for the mix up.. This one should do 
2.77E+17,My buddy @seppbruhwiler is running one of the most legit surf schools in Canada having pro surfers as surf i 
2.77E+17,Great day at the range today with @toddy_bow and the newest member of the family.. Meet Sig the AR 
2.76E+17,Might be a bit excessive for home protection but you never know #SigAR #AK47 #Glock45 #benelliM3super90 
2.76E+17,tackelberry got himself a new chair... The thing is bigger than him!! hahaha 
2.76E+17,Southern roots coming out today... #memphismafia #TCB 
2.75E+17,It's about time sun.. Missed u 
2.75E+17,Shits going down on the 18th @ Sherwood CC 
2.75E+17,Early bird gets the worm 
2.75E+17,Kiss my baby ass haha love my brother @sprandoni #gromshit70dzzztub 
2.75E+17,I eat way too much of this... #mercury #sketchy #sodamngoodthough 
2.74E+17,No speeding this Morning people 
2.74E+17,Pretty insane sunset tonight... #nofilter 
2.73E+17,One of the greatest camping trips of my life to Canada.. Thank you @DewolfeTweets for the great pics! Also c 
2.73E+17,#fullmoon @toddy_bow you owe me dinner.. I was thinking maybe NOBU or Mr Chow? How does that sound? haha 
2.73E+17,MalibuCC #fullmoon 
2.73E+17,Ummmmm did I just hear salsa music when Victor Cruz did his touchdown dance? Haha wtf
2.73E+17,My man @codylafaro coconut climbing in the streets of LA.. #westside 
2.72E+17,Just posted a photo 
2.72E+17,#fridaynightbanger 
2.72E+17,It's about to go down... #feast 
2.72E+17,Happy turkey day!! #waves 
2.71E+17,Someone knows how to cuddle #trigger 
2.71E+17,Watch out @frankiedelgado .... tackelberry is coming for you hahahaha 
2.71E+17,RIP... You will be missed 
2.71E+17,We scored but we had to pay a small fine.. Thanks @sprandoni for taking care of that... Good man and glad yo 
2.70E+17,Storm chasing with anthonymarcotti and @sprandoni .. See you all in a few days #tub @ dont worry about that 
2.69E+17,She is so close I can taste her 100 Octane... 6 speed shops and and 10 years later my baby is coming home... 
2.69E+17,Braille Playboy anyone?... 
2.68E+17,Late night sesh 
2.68E+17,Albacore with Crispy Onion  @ NOBU 
2.68E+17,The little homie Bentley and I just posted up watching some football... We got some money on it 
2.68E+17,Watching Ziggy Marley at the liferollsonfoundation benefit.. He looks so much like his pops 
2.67E+17,Looking good @SalMasekela good times liferollsonfoundation 
2.67E+17,Shopping for some more home protection.. These are the 2 I picked 
2.67E+17,Just posted a photo 
2.65E+17,How much wood could a wood chuck chuck if a wood chuck could chuck wood? @taylormosher 
2.65E+17,Hahaha @taylormosher  you crack me up 
2.65E+17,Made it out to LA... Tonight's gonna be fun with @taylormosher @mattyosborn @toddy_bow and @ Hollywood Hills 
2.64E+17,Golf with @toddy_bow 
2.64E+17,Just played one of my better rounds with the Pops and of course he had to show me some of his @ Sherwood CC 
2.63E+17,@BurtJenner  classic video
2.62E+17,Got him on the program.. He is starting to look yoked up hah 
2.62E+17,Snoop and Pac just Chillin at the beach... Classic photo 
2.62E+17,#GoProeveningshorepound 
2.60E+17,Get up little chunky butt... Time for some exercise #lovethislittleguy 
2.59E+17,Great day of golf today with @anthonymarcotti and @toddy_bow  
2.59E+17,Took my boat into the 2nd largest sea cave in the world yesterday.. (Same one they used   @ Channel Islands  
2.58E+17,Headed Back out.. Nothing like traveling at night on the open ocean 
2.58E+17,Lobster anyone? #7pounder  
2.58E+17,Not a bad day to be on the water...   @ Off Palos Verdes  
2.58E+17,Headed out to sea with @anthonymarcotti... My place of happiness  
2.58E+17, 
2.57E+17,You got treats? 
2.57E+17,Just found a bubble machine with @lindathompsonlt ... He still won't get up!!! 
2.57E+17,Mattia Biagi... The man... 1/1 no other one like it 
2.57E+17,Sad day but excited to move on.. Hey @tackelberry !!! Just because the couch is the last thing to go doesn't 
2.57E+17,Hanging with the boys on the last night of an era.. On to the next... See ya Hollywood.. Coming back home to 
2.57E+17,"I told my mom ""this is my best smile""??? I looks a little forced.. #TBT "
2.56E+17,#cleaneating  
2.56E+17,That can't be comfortable... #mastiffpuppy 
2.56E+17,Tonight's sunset #nofilter   @ Malibu 
2.56E+17,Hugs from my little chunk 
2.56E+17,@GABRIELPANDURO miss you my man... Hope all is well with you
2.56E+17,Favorite place in the world   @ Malibu 
2.55E+17,Baby legs  
2.55E+17,At least it was a good game... Congrats on the win
2.55E+17,Loving my team... GO BOLTS
2.54E+17,@tallywood round 2 with @frankie_valli and @jessemccartney #getem we love you Tal 
2.54E+17,I have said it once and now I am going to say it again...... @kellyslater FOR PRESIDENT!!!!
2.54E+17,Great times @nickmon81 ... Hey next time.. Stay awake barny  
2.54E+17,FORE!!!!!! 
2.53E+17,Who's down to get Kinky tonight? Haha 
2.52E+17,Looking forward to a great night at  @poolafterdark with @robkardashian #howidoac thanks fo  @ Atlantic City 
2.52E+17,Hey @virginamerica .. Excited to watch football tomorrow on my flight!! Richard Branson is THE MAN
2.52E+17,Just flew through some of the craziest turbulence of my life... Couldn't even enjoy my Ryd  @ In Turbulence  
2.52E+17,Loving Virgin America   @ high as f#ck 
2.52E+17,Hahaha sorry its the 29th!! That I'm at  @poolafterdark with @robkardashian #howidoac
2.52E+17,This weekend on 9.28 (Saturday/tonight) I'm at  @poolafterdark with my little brother @robkardashian come out and rage with us #howidoac
2.51E+17,Bedtime... #boatlife #freedom  @ Northern California 
2.51E+17,My first sunrise in the Mentawais last May.. Miss that place  #nofilter  @ Indo may 2011 
2.51E+17,Nice work! @BrandonandLeah  So creative!  - those 2 are very talented
2.51E+17,Need to get back in the water for my sanity... Foot injuries suck 
2.51E+17,There is a reason why I don't hang out in Hollywood lately... Squibs @toddy_bow  
2.50E+17,A photo I took of @tackelberry the first day we arrived in Indo  @ Indo may 2012 
2.49E+17,See you tomorrow  @ Coastline  
2.49E+17,Getting her ready for winter @freedomartists @sprandoni  
2.49E+17,@sprandoni getting the paramotor ready... Been a minute since we have done this 
2.49E+17,Had some fun with this one.. Doesn't even look real 
2.49E+17,Such a great moment in history #lovemy7D 
2.49E+17,Good morning 
2.49E+17,This is what I am going to dream of tonight.. see you  on the island! #dreamworld  @ Indonesia  
2.49E+17,Just posted a photo 
2.49E+17,A shot I took of a mountain lion I saw in Malibu a year or so back.. #toocloseforcomfort 
2.49E+17,Another one I took of the green flash when the sun sets... The birds are what make the shot but Its hard to  
2.49E+17,"So I was going through a bunch of photos I have taken with my 7D (you know.. ""more professional ones I didn' "
2.49E+17,Congrats to @kellyslater on his 50th win at the Hurley Pro... The guy is surfing better than ever 
2.49E+17,Waves looked super fun in Malibu the day they snapped this Apple maps pic..  
2.48E+17,Just busted this little chunk spying on me from above... Creepy little guy haha 
2.48E+17,@scottserfas good man on the photos!! Ok that's the last surfing pic...  
2.48E+17,Stepping on the breaks #scottserfasphotography  
2.48E+17,Target practice @bradgerlach @parkercoffin @sepp_bruhwiler @adamdewolfe @scottserfas @raphbruhwiler @thereal 
2.48E+17,Already miss this place... Can't wait to go back to Canada and score some more of these with @raphbruhwiler  
2.48E+17,We are a tad bit late but I finally got him to plank 
2.48E+17,Time to get this Lazy little fart off the couch and get some exercise 
2.48E+17,What is going on with this game? Hard to watch
2.48E+17,Looks like somebody should of ordered a triple shot   @ coffee bean malibu 
2.48E+17,Agreed  
2.48E+17,Damn @sprandoni and I were some badasses back in the day... Anybody know which one is me? Love my Bro Love m 
2.47E+17,Just found this in my phone from last night... Now seriously... Is this for real? #onlyinhwood 
2.47E+17,@toddy_bow annd I getting all @tallywood  on the #Gramnation 
2.47E+17,Bromance day 2 @nickswardson  
2.47E+17,Matrix  
2.47E+17,@bgflyhigh bouncing off the walls.. Don't try this at home kids 
2.47E+17,@toddy_bow @tallywood @shecks @tcclarkeee @mattyosborn     Classic photo from the Ryan Sheckler Charity golf 
2.47E+17,Lately I haven't been able to spend time with my real Hollywood brothers @sylvainbitton @toddy_bow miss thes 
2.46E+17,Chilling with the OG PSY @mattyosborn been a minute since I have been in Hwood.. Good times  
2.46E+17,Can't believe the day is almost here... 6 years in the making... I can legitimately say that I am scared of  
2.46E+17,Zoolander  
2.46E+17,I missed you while I was gone sweetheart.. U better not of let anybody else play with you while I was gone ???ù 
2.46E+17,Rest in peace  
2.46E+17,Till next time eh... Great times Canada ;) 
2.46E+17,Canadian bathroom sign.. Classic 
2.46E+17,RT @juliet1511: @BrodyJenner retweet to show you love all your Irish fans #hugefan
2.46E+17,What happened to my lesson @HankDHaney ? You forget about the little people? #alltalk
2.45E+17,Hey @frankiedelgado raider nation? Haha not this game... GO BOLTS!!!!!!!
2.45E+17,The view was INSANE @gotsurf !!! Hahaha nice photo... Great times brother 
2.45E+17,Anybody know anything fun to do in downtown Vancouver on a Monday?
2.45E+17,Yup... Another reason why I love Canada thanks @gotsurf #instagramsteal 
2.45E+17,One of Canada's Greats @sepp_bruhwiler ... Not to mention he rips at surfing. Thanks for taking good care of 
2.45E+17,Amping for this non camp fire breakfast @bradgerlach and @parkercoffin ... Gonna miss Canada  
2.45E+17,Last nights sunset in Canada 
2.45E+17,Had such a great time camping with the boys.. @bradgerlach @parkercoffin @therealkandui @raphbruhwiler and h 
2.45E+17,Epic times 
2.45E+17,Made it back alive... Barley   
2.44E+17,Headed off into the wilderness with @parkercoffin and @bradgerlach be back in a few   @ somewhere in Canada  
2.44E+17,On a mission with @bradgerlach and @parkercoffin   @ somewhere in Canada  
2.44E+17,One of the many reasons why I love Canada   @ somewhere in Canada  
2.44E+17,Back on the move #stormchasing with @parkercoffin   @ somewhere in Canada  
2.44E+17,What u looking at chunk? 
2.43E+17,Wow  
2.43E+17,Home sweet home...   @ LAX 
2.43E+17,Volcano  
2.43E+17,Thank you Nicaragua for letting us enjoy your beautiful country... #greattimes 
2.43E+17,Last sunset down south.. #nofilter   @ somewhere in Central America  
2.42E+17,It was a really special day for me today. I hope all of you had a great day as well... Appreciate life... It 
2.42E+17,A local family invited the boys over to have dinner with them and they hooked us up.. Such a cool experience 
2.42E+17,Sunset #nofilter 
2.42E+17,Pinch me 
2.42E+17,Pumping  @ somewhere in Central America  
2.42E+17,Love waking up to this...   @ somewhere in Central America  
2.42E+17,Happy :) 
2.41E+17,Straight Chillin  
2.41E+17,Epic  @ somewhere in Central America  
2.41E+17,I need one of these   @ somewhere in Central America  
2.41E+17,We are finally here... All you need   @ somewhere in Central America  
2.41E+17,One down... One more to go..   @ somewhere in Central America  
2.41E+17,Headed down south #stormchasing  
2.41E+17,Bye bye hair...  
2.41E+17,Looking down to look up...  
2.41E+17,Home sweet home.. #malibu 
2.40E+17,Great times yesterday in San Diego with my brother from another mother @djvice  
2.40E+17,Me taking a photo of you taking a photo of me @toddy_bow kook hahaha fucking love San Diego.. Go chargers @k 
2.40E+17,Now that's a cool iPhone case 
2.40E+17,That earthquake was crazy!! Anybody else feel that?
2.39E+17,Good crew tonight 
2.39E+17,The boys @tackelberry @toddy_bow @tcclarkeee  and I ashy and burnt app... Classic 
2.39E+17,"Come to @StingSanDiego this Friday to party with me for my birthday!
Going to be crazy in San Diego this weekend!"
2.38E+17,Fresh bluefin toro for the bday BBQ...  
2.38E+17,Thank you all for your kind birthday wishes :)
2.37E+17,Back to LA.. Great times with @mattgerold in San Diego.. Hit him up for a good time haha 
2.37E+17,Great times in San Diego with my boy @mattgerold... Call him for a good time if you have his # ... It's wort 
2.37E+17,Bluefin sashimi? 
2.37E+17,Feeding the local harbor seal... The remind me so much of dogs it's crazy 
2.37E+17,@mattgerold IM ON!! Haha pretty much said that every 2 min 
2.37E+17,@brianrapf and I getting bloody #limits   @ tuna grounds  
2.37E+17,Nice day on the water today  @ headed south of the border  
2.37E+17,My weapons   @ somewhere out at sea 
2.36E+17,Good morning 
2.36E+17,A photo through my shades.. Good vibe through these things 
2.36E+17,Loving my boy's  @AlexMaineUS on  check it:  #MadeInAmerica we need more company's like this!!
2.35E+17,Mason went a little too big with @kylieejennerr birthday cake the other night... Such a cute little guy 
2.35E+17,Pretty much all you need 
2.35E+17,@sprandoni one of the most classic photos I have ever seen... He is getting some hahahaha 
2.34E+17,Big sister little sister @kendallnjenner and @kylieejennerr  
2.34E+17,Happy birthday to my little sister @kylieejennerr love you 
2.34E+17,You don't see this everyday   @ zuma beach 
2.33E+17,Poker night 
2.33E+17,Anybody else feel that in SoCal?
2.33E+17,Think I just felt an earthquake
2.33E+17,Just posted a photo  @ Somewhere in Mex 
2.33E+17,#shackfest   @ Somewhere in Mex 
2.33E+17,Just got out of the water... Some of the best beach break of my life  @ Somewhere in Mex 
2.33E+17,Just posted a photo  @ Somewhere in Mex 
2.33E+17,Just posted a photo  @ Somewhere in Mex 
2.32E+17,Thank you mother nature for hooking us up today... one of the best days of my life and I am very grateful fo 
2.32E+17,Today is gonna be a great day 
2.32E+17,GREAT morning :))) 
2.32E+17,Best fish ever 
2.32E+17,Good morning :)  @ Somewhere in Mex 
2.32E+17,Finally here and there is nobody to greet us?... Oh wait.... That's a good thing 
2.31E+17,Flight number 1 complete  
2.31E+17,The journey down south starts now??????????? 
2.31E+17,@tackelberry you are blowing it.. @sprandoni and I are about to get this thing in the air... #Powerparaglidi 
2.30E+17,Still can't believe I was on the back of this thing on Sunday going over 150 mph.. It really feels like it w 
2.30E+17,He has just been staring at me for almost 10 minutes now like this! Funny little guy 
2.30E+17,@tackelberry get some 
2.30E+17,Chilling with the next MotoGP CHAMP!!! @HERRIN3 Follow him 
2.29E+17,Saw this post from u earlier today.. Easy!! with @crtwotwo and @tcclarkeee I hear you are the new party boy? 
2.29E+17,My boy @joshhansen100 riding dirty.. Good man 
2.29E+17,Really @tcclarkeee hahaha 
2.29E+17,The Aquarium in Monterey is pretty awesome   
2.29E+17,Some pretty insane bikes here 
2.29E+17,The 1N is a great drive 
2.29E+17,Road trippin with @tackelberry to Laguna Seca for MotoGP!!! So pumped 
2.29E+17,Saw this thing creeping around outside 
2.29E+17,Might have to hook this thing up with a 30 inch flat screen 
2.29E+17,Got some not so baby Hens today.. #MalibuMiniFarm 
2.28E+17,Classic photo of @tackelberry and the Ken Doll haha I don't think I have ever seen @tackelberry drink and no 
2.28E+17,Yeah @tallywood we need to hang soon my man 
2.27E+17,The boys just kickin with The late night king.. Conan is the MAN 
2.27E+17,Holy shit!! 
2.26E+17,Tonights sunset was insane 
2.26E+17,photo of the sky today 
2.26E+17,Apparently this is me as a zombie? 
2.26E+17,My lady is back from vacation.. Oh how I have missed you  
2.25E+17,@itsshwayze and his little man Hendrix  
2.25E+17,There is a light at the end of the tunnel  
2.25E+17,Summer is the best 
2.25E+17,To @itsshwayze if he goes pro you owe me hahaha cutest little guy ever 
2.24E+17,Nice lips @tackelberry bromance shit haha 
2.24E+17,Haha nice lips @tackelberry  
2.24E+17,Sunset 
2.23E+17,Look who stopped by to say hello!! @kendallnjenner @kylieejennerr my 2 baby sisters!! Not so baby anymore th 
2.23E+17,Now this one brings back memories.. @sprandoni and I back in the day.. How is my wetsuit tan hahah #throwbac 
2.23E+17,What the hell has happened to his neck? Non existent.. He did loose 2 pounds though..  
2.23E+17,NOBU I love u 
2.23E+17,Malibu 27 miles of scenic 2 faced backstabbing  
2.21E+17,Best way to spend a Friday night.. Crushing Balls..... Wait.... Ummm did that sound weird?  
2.21E+17,My older brother @sprandoni hard at work shirtless haha crazy fool 
2.21E+17,Lunch time 
2.21E+17,My little man is posted up watching some D Phil..  
2.21E+17,@tackelberry you by far had the hottest girl of the day/night 
2.21E+17,This pretty much sums up the day for @toddy_bow  #laidout 
2.21E+17,Probably the greatest 4th of my life... Words can't describe  
2.20E+17,Oh you know.. Just washing my balls 
2.19E+17,I guess this pass is all access @wmgastephen @_bigtoe_ @tcclarkeee  
2.19E+17,Watching it all go down 
2.19E+17,Good day LA.. XGames time.. @tcclarkeee get ready 
2.19E+17,@toddy_bow and I really supporting the brand haha #NOHO 
2.18E+17,Such an awesome looking dog 
2.18E+17,Swim time  
2.18E+17,She is almost done!!  
2.18E+17,Had such a great day today.. Nothing like having fun for a great cause.. Thank you @shecks for being such an 
2.18E+17,"25,000 dollars for my boy Eeros first hole in one!! Not too shaby.. Best part about it was that he gave half "
2.18E+17,Helicopter ball drop... This event is the shit 
2.18E+17,Crushing  
2.18E+17,Great times with the boys @salmass @tcclarkeee and @toddy_bow  
2.18E+17,@tallywood sober? Haha 
2.18E+17,Not a bad day for golf... Hanging with my team @tcclarkeee and @toddy_bow for breakfast... Always good times 
2.17E+17,I really don't even know what to say about these 
2.17E+17,Sunday night crushing with @rivers55 
2.17E+17,Like father like son... @kidred_ and @mayorofmalibu  
2.17E+17,Having a power breakfast with @mayorofmalibu and @greglaplant about musics new superstar @kidred_ 
2.17E+17,Sunset a mile high 
2.17E+17,Home sweet home 
2.17E+17,Ashton Eaton just broke the the WORLD RECORD!!! So happy to share this with my Dad and brother @sprandoni .. 
2.17E+17,ASHTON EATON IS THE NEW WORLD RECORD HOLDER!!! CAN'T BELIEVE I JUST WITNESSED THIS!!! HE SCORED A 9039!!! As 
2.17E+17,Male athletes = not hot but BEASTS  
2.17E+17,Female athletes = HOT 
2.17E+17,Not the best conditions for the athletes  
2.17E+17,I am feeling the vibe.. Me training for the 2016 Olympics!! 
2.17E+17,From athlete to reality star haha Bruzer is in heaven right now!! 
2.16E+17,This has to be one of the cutest things I have ever seen... Some little girl just came over to out table and 
2.16E+17,These girls would smoke me haha 
2.16E+17,Living a little piece of your life @kendallnjenner and @kylieejennerr haha Dad wishes you both were here  
2.16E+17,Non fitness 
2.16E+17,Fitness 
2.16E+17,Classic interview going on.. That is Dan O'brian he broke Dads American record and still holds it to this da 
2.16E+17,Bruzer is in heaven right now  
2.16E+17,Don't know what's going on with my hand signals haha I am confusing myself 
2.16E+17,Bruzer was a beast back in the day 
2.16E+17,Headed off to the Olympic Trials with @sprandoni and good old Bruser... Got him to throw up the Shaka haha 
2.16E+17,The real deal 
2.16E+17,@domdom82 working in the side perm lol 
2.16E+17,@domdom82 hooked me up with this SICK new hair style.. Thoughts? I think it's fresh as hell hahaha 
2.16E+17,Time to sweat it out 
2.16E+17,The rainbow of life..  
2.16E+17,My mom with the KING!! And we think we are crazy.. What you know about target practice in the penthouse? Mi  
2.15E+17,You tend to see some very interesting things when you go hiking in Malibu 
2.15E+17,New business cards!!!  
2.15E+17,Had a great time this morning with @mariolopezextra for his radio show.. What a good guy 
2.15E+17,Yeah that sounds about right..  
2.14E+17,Fathers day golf with @kylieejennerr and @kendallnjenner love my sisters :) 
2.14E+17,Chillin with the man of the hour @donkeyshow FOLLOW HIM 
2.14E+17,Just posted a photo 
2.14E+17,Cute little man 
2.14E+17,RT @DCMA_Collective: Please help my dear friend @DidierCohen raise some money for cancer.  RT!
2.14E+17,Health in a cup 
2.13E+17,Just went to the Malibu High graduation to support my little sis... Bringing back old memories  
2.13E+17,Oh you will be coming out of hiding very soon my friend.. #Powerparaglider  
2.13E+17,Best protein out there  
2.13E+17,Just did a really fun interview with playboy radio for @rocket_frog got to hang out with Charlie Murphy!! Th 
2.13E+17,Thank god for u 
2.12E+17,Making fresh plum jam with the Fam.. Soooo good 
2.12E+17,Somebody looks grumpy 
2.12E+17,Ohhh shit @tackelberry has started!! Hanging from the ceiling fan!!  
2.12E+17,Chillin with the boys @jesse_fishman and @tackelberry love kicking it with my homies from Malibu.. Home swee 
2.12E+17,Goodbye my home away from home.. It's been fun.. Miss you already!! 
2.11E+17,The early bird gets the worm!!! Good man @bigga_time for a killer gaff.. Heard @jesse_fishman is Helmet 
2.11E+17,A photo I took with my phone of the Napali Coast in Kauai last week.. Hawaii is pretty much amazing 
2.11E+17,Not much to do on the boat late night except exchange instagram creeper notes.... Why do so many girls on th 
2.11E+17,Calamari anybody?   
2.11E+17,Couldn't think of a better way to spend my Friday night 
2.11E+17,It's go time @bigga_time  
2.11E+17,The boys are headed out to sea.. Time to catch some fish @bigga_time  
2.11E+17,No way this can be good for you.. What's next.. Energy that comes in a white powder substance? 
2.11E+17,With the boys @phatrat and @frankie_valli... @jesvarg makes it pop 
2.10E+17,RT @sprandoni: WATCH our new music video Vaseline!! It is now public!!  
2.10E+17,Exclusive Video Premiere of Brandon and Leah???s ???Vaseline??ù | Maxim  via @MaximMag.. Its awesome! go see for yourself
2.10E+17,I wish I could live here... Oh wait.. I do 
2.10E+17,amazing @RyanSheckler @gopro One of the best videos I have seen in a long time.. now I have to go get it
2.10E+17,RT @RyanSheckler: So stoked that @gopro did this with me! Check it out let me know what u think 
2.09E+17,My 2nd cousin Mason is tired... Such a cute little guy!! Good times with the Family 
2.09E+17,The newest member of the Jenner clan... My beautiful sister Leah Jenner  
2.08E+17,RT @RocketFrogApp: Win tickets to The World of Dance Tour! 
2.08E+17,I can think of worse ways to start the day off.. Very excited to see my big brother get married today :)  
2.08E+17,It was so nice yesterday to see all 3 of my sisters together.. Just as beautiful on the inside @kendallnjenn 
2.08E+17,Epic 
2.08E+17,The fam 
2.08E+17,Saw some baby chickens grinding on some coconut  
2.08E+17,Explored some insane caves too 
2.08E+17,Went on a great hike today.. Beat 
2.08E+17,Kinda looks like fire 
2.08E+17,Shhh 
2.08E+17,Island life brada  
2.07E+17,Hope all I you are having a great memorial Day!!! I sure am :)  
2.05E+17,RT @LindsayPrupas: @BrodyJenner Pls RT Toronto girl w/ Hodgkin's Lymphoma must raise $600K for transplant  #cureforc ...
2.05E+17,Last chance to win a 50$ gift card to Creative Recreation.. Log on to your Facebook and search Rocketfrog to play.. Tournament ends at 7pst
2.05E+17,"Brody Jenner Talks About His New Facebook Gaming Venture, Hollywood Plans - The Hollywood Reporter "
2.05E+17,I am in here.. U can win 50$ to creative recreation!! Play for free and win prizes.. Epic 
2.05E+17,30 minutes of play on Rocketfrog then the Gym... Come play with me!! Log into your Facebook and then search  
2.05E+17,@Sermario yup
2.05E+17,"Please read this article.. Want you all to see what we have been up to for the last year.. The time has finally come!
"
2.05E+17,"RocketFrog Wants To Build The Largest Social Casino On The Web, Myspace Tom Joins As Advisor  via @TechCrunch"
2.05E+17,LA traffic... Just waited 45 min to move a foot!!! 
2.05E+17,ROCKETFROG!!!! Finally all of you can see what we have been working on.. Thanks to @MattyOsborn @tobywarner and the rest of the team
2.05E+17,"Facebook Casino Game Launches, Backed by Myspace???s Tom Anderson and Reality-TV Star Brody Jenner "
2.05E+17,RocketFrog Launches Largest Free To Play Online Casino App to the Facebook Platform 
2.03E+17,Hottest Rocketfrog ever lol... Get ready @CreativeRec for Monday!! The hard work of the team is finally movi 
2.03E+17,Great day of meetings today!! @creativeRec you have hands down the greatest offices ever.. What more can you 
2.03E+17,Scallops anybody? 
2.03E+17,Wow!! What an amazing game!!
2.03E+17,Anyway haha GOOD LUCK OKLAHOMA CITY!! You guys look great
2.03E+17,It was an iPhone spell check error I promise.. but I do suck at spelling.. Shoot me
2.03E+17,Oklahoma haha you guys do look soo good though.. Congrats to you
2.02E+17,The boys are eating good tonight!! Good man @jesse_fishman for catching these bad boys 
2.02E+17,Great crew last night @shecks @tallywood Tall you look faded as hell man haha 
2.02E+17,Happy mothers day to all you moms and future moms out there!!
2.02E+17,With my brother @joshhansen100  
2.01E+17,Friday night is pony night!!! Amping 
2.01E+17,@DonJohnson101 happy birthday my man
2.01E+17,@DonJohnson101 I am thinking about putting a porno together.. The lead will be called Dong Johnson.. U down to finance and star?
2.00E+17,Keeping it heart healthy and classy tonight lol 
2.00E+17,Just did the wind tunnel getting ready for Saturdays jump!! 
2.00E+17,Crazy game.. Congrats Denver fans!! Till next game
2.00E+17,KOBE IS HANDS DOWN THE MAN!!!!!!
2.00E+17,This laker game is insane!!!!
2.00E+17,It was a beautiful day in Malibu today.. Hope you all had a nice day as well 
2.00E+17,Somebody is tired 
2.00E+17,Gus and I spooning :) he loves to cuddle  
2.00E+17,Hahah awe that's do cute @tackelberry and @dre_mataele  
1.99E+17,Just found this pic from yesterday... Great times with the boys in Newport  
1.99E+17,AhahahahahHhhHhhh @tackelberry killing it 
1.99E+17,@tackelberry throwing down the most epic mariachi solo ever!!! Hahaha  
1.99E+17,That mustache is rideable!! Chillin with @tackelberry and @dre_mataele  
1.99E+17,Happy cinco de mayo to all of you!! RAGE but stay responsible.. NO drinking and driving!!!
1.99E+17,In Newport Chillin for cinco de mayo... Pretty awesome around these parts 
1.99E+17,Hahaha @tackelberry being himself.. Pounding balsamico   
1.99E+17,Epic night with the boys  
1.99E+17,Shhhhh @eliwehbe and @iamjroc 
1.99E+17,Trying to sneak those glasses around @iamjroc got you SMYD @ryanlabbe hahaha 
1.99E+17,Haha @iamjroc in a serious bromance.. Cute boyfriend my man 
1.98E+17,Moving down PCH looking for overpriced sports cars to take advantage of 
1.98E+17,It's all about the Vitamin Barn... Talk about a natural high  
1.98E+17,Craziest shit I have ever seen... Addicted to drinking gasoline!!!  
1.98E+17,Cutest little cat ever :) 
1.98E+17,Late night snack :) 
1.98E+17,What the fuck is on @taylormosher s head!!! Haha 
1.98E+17,Somebody orders out a'lot and it's not me 
1.97E+17,Chocked out!! Hah @taylormosher  
1.97E+17,He is still going!!! Hahahaha 
1.97E+17,Oh shit he is on a mission!!! Haha @nikbelcevich 
1.97E+17,Hahahahahaha planet of the apes @nikbelcevich 
1.97E+17,Pancakes anybody? Hahaha  
1.97E+17,The boys @nickswardson @kiddangerous @taylormosher epic Sunday fun day 
1.97E+17,@louievito @Calebslife @thedingoinsnow and @frankie_valli @bsable and others raging at greystone!!! Amazing  
1.97E+17,@frankie_valli is raging hard.. And yes it's F Valli JR  
1.96E+17,@frankie_valli and I are raging so hard our eyes turned blue!!!  
1.96E+17,Chillin with my boy @frankie_valli why is he on his phone and not drinking with the boys? Squib 
1.96E+17,NOBU I love you 
1.96E+17,Bombest fish tacos ever!! Thanks Sherwood CC  
1.96E+17,What does my girlfriend look so damn hot today!!  
1.96E+17,Hahaha bruiser is so classic with his choppers!!  
1.96E+17,Bruiser with an amazing finish.. I still out drove him  with a 3 wood :) 
1.96E+17,Headed to the course to go play with good old Bruiser  
1.96E+17,Nothing like Malibu CA.. 4K soft sander.. My home 4 life 
1.96E+17,Love this little guy... Best dog ever 
1.96E+17,Watch this video of my boy @ImAaronBaker  Make USA proud! @USParalympics such an inspiring story.. WATCH IT PLEASE
1.96E+17,Everybody working hard!! Can't wait for you all to come play :) 
1.96E+17,At the office.. We are so close to launching!! After 1 year the time has come :) 
1.95E+17,Trigger is so blazed  
1.95E+17,Bombest sando ever!! Thank you johns garden Malibu for making the best sandos in the world!!  
1.94E+17,Crushing in Vegas with @jessecwaits and @tackelberry  
1.94E+17,2 dudes just enjoying a drink 
1.94E+17,Hahahahaha @taylormosher look what happens when you get all you can eat pancakes!! We came to party and Slea 
1.94E+17,Oh it's on @tackelberry Vegas time 
1.93E+17,Road trip to Vegas with @tackelberry @taylormosher and @mattyosborn hangover 3 here we come 
1.93E+17,Pretty much the sickest shit in the world.. On my way :) 
1.93E+17,Funk N A 
1.93E+17,Epic 
1.93E+17,HAPPY BIRTHDAY @mattyosborn love you brother 
1.93E+17,Nobu I love you 
1.93E+17,"If you always put limit on everything you do, physical or anything else. It will spread into your work and i "
1.93E+17,"Once we accept our limits, we go beyond them. 

Albert Einstein"
1.92E+17,@KelseyBurkhard was not my fault
1.92E+17,My beautiful car before the wreck.. Not the way I wanted the race to turn out but everybody likes a good wre 
1.92E+17,"???@askjillian: The world just seems a little less bright without a dose of @RutledgeWood in the flesh. That's all.??ù 

Agreed"
1.92E+17,Ummm epic.. 
1.92E+17,Thank you @toyotaracing :) 
1.91E+17,It's a beautiful sunny day for racing.. Today is gonna be interesting 
1.91E+17,It's been a great night tonight at the Toyota charity event.. Thanks @toyotaracing for raising over a hundre 
1.91E+17,I see you are up and ready @hillharper good man.. So excited for today
1.91E+17,My predictions were correct  
1.91E+17,Track is still dry so far.. Let's hope it stays that way but I have a feeling it won't 
1.91E+17,Can't sleep for shit.. Way too many apexes going through my head!! So excited for today. Thanks @toyotaracing for this amazing opportunity
1.91E+17,Oh it's on.. Last minute coaching and then it's go time :) 
1.91E+17,Chillin with some of my competition @askjillian @RutledgeWood @katedelcastillo the other 2 don't have a twit 
1.91E+17,Haha @hillharper and I leading the PAC  
1.91E+17,Doing a walk around the track.. My fellow racers 
1.91E+17,Who is cuter.. The phone? Or the real thing haha @rutledgewood 
1.91E+17,Thank you Robert for staying so strong and being an inspiration to us all.. So many amazing people today #ap 
1.91E+17,The real reason why we are all doing the race... Thanks @toyotaracing 
1.90E+17,That was at a stop light I swear haha go PEAK for Malibu city council!!! 
1.90E+17,Mobbing in the scion getting ready for this weekends race!! Thanks @toyotaracing for hooking it up #TPCR  
1.90E+17,Moving the Scion getting ready for race weekend... Thanks @toyotaracing for hooking it up  
1.90E+17,Just did a 4 K is soft sand.. Not gonna lie my heart was pumping but you gotta love that shit 
1.90E+17,No bs this is the best damn coconut juice in the world!!! Anybody ever tried it?  
1.90E+17,Home sweet home  
1.90E+17,If you see this guy in the club... Run the other direction as quick as possible   
1.90E+17,Hanging in the office with the crew... Only 1 week away!!! So excited   
1.90E+17,Thanks @GDLA for letting me come hang out.. Always have a good time on your show
5.2871E+17, Auto correct and the paper clip would get along real well.
5.30199E+17,"This man saw ""Frozen"" and is in awe"
5.302E+17,"""Imma have to watch it again when I'm by myself.."" *gives me a dirty look"
5.31345E+17,when you copped the new #ALEXANDERWANGxHM but also might have to die for your district 
5.33368E+17,Bow Wow tried to go by Shad and the gods cursed 106th n Park forever to humble him.
5.33788E+17,This reminds me too much of the Flex/ MJ movie lord
5.33789E+17,SO AALIYAH SOUNDS LIKE HILARY DUFF ON AUTO TUNE???? IM OUT
5.33794E+17,"The song playing came out a year ago, no???"
5.33795E+17,Wrong time to promo Whitney's movie. I think that may actually be watchable.
5.33798E+17,Good article about R. Kelly's pedophile habits with 20+ girls è 
5.33799E+17,He can write a damn song but he makes my skin crawl.
5.338E+17,"""Lifetime be like ""Just casted for the Chris Brown biopic"" "
5.33804E+17, Just posted a photo 
5.34928E+17,please fix the Healthcare website. Thanks
5.35807E+17,I really have an issue with this whole pray demons away shit when it comes to black ppl and mental health
5.35811E+17,Emergency blk ppl meeting this weekend re: Hillman College shirts
5.37067E+17, Making everyone wait until 8 pm then continue to be 15 minutes late for your 20 minute statement is even more passive aggresÉ??
5.37069E+17,": ""To be a Negro in this country and to be relatively conscious is to be in a rage almost all the time."" -James Baldwin htÉ??"
5.37072E+17," Can u imagine ur child being killed &amp; the attorney hired 2 prosecute ur child's killer, got up &amp; explained why your child"
5.37074E+17, or blatant racism and privilege.
5.37087E+17,The new racism is the denial of racism.
5.37088E+17," Mike Brown's life &gt; Police car  Some violence breaks out in Ferguson, with at least one police car destroyed. "
5.37092E+17," Lip Herpes?Newly released photos of Officer Darren Wilson's injuries, presented to the grand jury "
5.37265E+17,WHEW. considering unplugging until I have some ham and dressing on a plate.  Social media is 
5.37266E+17, I reported that idiot as spam last noght. I can't see his tweets.
5.37267E+17,"And then they threw tear gas at us and was--

 You-- you know you could've used your teeth to bite their dicÉ??"
5.3727E+17,THIS. #FergusonDecision 
5.39708E+17,Hug her like this. 
5.42072E+17, I'm here for you during this trying time in your life.
5.42073E+17,l bangs always bring on a difficult eyebrow time period ????
5.42877E+17,"""Is that Lil' Trina???"""
5.44666E+17, My allergies
5.44675E+17,What. Is. This?
5.44678E+17,No one takes care of their children full-time anymore?
5.44679E+17,So many accessories..
5.44683E+17," ""BUT DID PAC SPIT "" I get so mad when people say Pac couldn't rap. Rapping is way more than metaphorÉ??"
5.44686E+17, Did they have to stay within. 5 miles radius of Peters st????
5.45009E+17,im worried about my son. i caught him growing a mustache &amp; being racist. im worried hes becoming a cop. how can i stopÉ??
5.4501E+17, Yall really went there huh? : Nicki Minaj's The Pinkprint vs. Jay Z's The Blueprint  
5.45077E+17,"Run me my shit, ASOS. "
5.45394E+17,Really tho?
5.45415E+17," Dear North Korean hackers,

Sallie Mae wants to kill your beloved leader.

Signed,
A concerned college grad"
5.45438E+17, Govt setup bobby because the Shmurda dance was uniting the races 
5.45809E+17," Rap Squats with Santa 2014 """
5.46079E+17,"I loved TRL, but when 106th &amp; Park came it was just different two black ppl with dreads &amp; a curly fro talking to black artisÉ??"
5.4608E+17,"Also, Free and AJ walking out with their hands up? Epic."
5.46081E+17,Is anyone else a little misty eyed? Just me???
5.46086E+17, I don't care about the recent episodes guys lol
5.46089E+17,I need a B2K reunion tour... Raz-B can stay home.
5.4609E+17,My preference has certainly shifted
5.46092E+17,"Been waiting on this mechanic for 7 hours. I just wanna finish my hair, man."
5.46093E+17, Julissa close 2nd.
5.46094E+17,"On NYE, I just want to hear ""7/11"" on repeat."
5.46095E+17, jesus yes. 
5.46097E+17,"""What is the real tea? You know I had to get it."" Girl, you are not an edgy interviewer."
5.46099E+17, Where the hell they find wale??
5.461E+17,He needs to move his mic away from his mouth. He sounds very muffled.
5.46101E+17, Tyga said ValentimesÉ??.
5.46102E+17,WHERE DID FREE AND AJ GO?
5.46486E+17, Lol ever since Pharrel made damning comments about the black community he started looking his age 
5.46714E+17,My bed won't let me go
5.46722E+17,"""Maybe that's the reason you gave me the wrong numba."""
5.46882E+17,"Whoever said Facebook exposes your racist friends did. Not. Lie. Jesus, be a delete button."
5.46883E+17,Congratulations @TheDopeChic! BLACK LOOOOOOOOVE!!!
5.47742E+17, Never forget that Hip Hop is the Civil Rights Movement's love child.
5.48611E+17, aren't all his albums? Lol
5.48612E+17, He look crazy here Charles Manson as a baby 
5.48759E+17, pray for them babies
5.48949E+17,Aint no mo play in GA RT @GAFollowers: Seen today on I-285. 
5.49023E+17," I still don't understand what was ""wrong"" about The Mayors initial comments to cause NYPD to do what they did today. "
5.49558E+17, Beyonc?? really blessed me with 7/11
5.49589E+17," ""Once you in it, you in it. If it's a lie then we fight on that lie but we gotta fight"" -Slim Charles "
5.49591E+17, Season 4 of The Wire is the best season of television in the history of television. I really mean that.
5.50052E+17,I just wanna party
5.50053E+17,"(Also, first New Year's kiss) *dutty wines*"
5.50054E+17,"SHE GOT A LIGHT SKINNED FRIEND LOOK LIKE DAWN RICHARDS, GOT A DARK SKINNED FRIEND LOOK LIKE DAWN RICHÉ??"
5.50055E+17,What are everyone's plans tomorrow??? I wanna know
5.50056E+17," Kobe RT @BarackObama
Take a moment and say what you're ready to fight for in 2015:"
5.50063E+17," 2-year-old boy accidentally shot and killed his mother in a Walmart, authorities say  "
5.50983E+17, 3-term NY Gov. Mario Cuomo dies. Bad weather slows AirAsia search. Here are your #5Things  @CNN 
5.5124E+17,"So, I just discovered Drake's Dad's IG page. I cannot "
5.51773E+17, Rest In Peace 
5.52895E+17," 20+ women of various walks of life, with no relation to each other, coming forward about sexual abuse, is not injusticÉ??"
5.53743E+17, no. I just can't live with a hoodie in my bed.
5.53962E+17, Fam......I ain't blowing this up 
5.53963E+17, I thought JFK was Terrance Howard. RT @KaeKurd: How historical leaders would look as modern day hipsters. 
5.54516E+17," *more trumpets than last time*
Eyes."
5.56191E+17, I don't nap with anything but cats. Yeah that was a setup for a punchline about cat naps.
5.56197E+17, Who's chopping onions? :( 
5.5646E+17,Forgot my water bottle too?!?!
5.56488E+17,"Does Nick Jonas say, ""I turn my g music up?"""
5.56622E+17,"I really want to cry. Or, punch someone in the face."
5.57328E+17,I'm tired for no apparent reason
5.57349E+17,Ended a FEW pregnancies? No lord no no no
5.57355E+17, from your mouth to God's ears 
5.58013E+17, Ramen noodles scattered all over North Carolina highway after big rig crashes 
5.5802E+17, I want a life that I don't need a vacation from.
5.58652E+17,That's so cute
5.58668E+17," thanks, Lauren!"
5.58828E+17,Walked through the baby clothes in Toys 'R Us. Whyyyyy did I do it?!?! 
5.58829E+17,"They fancy  I just found out ""the Hawks are the best team in the league"" who the hell knew?"
5.5883E+17,Trying to balance everything is exhausting. Bleh.
5.59016E+17, lol!!! I know. The stuff was sooo cute haha
5.59149E+17,Mercury doin the Shmoney dance
5.59398E+17, congratulations on #dopemovie!!!
5.59407E+17, myFitness Pal
5.59812E+17, This makes me beam. Uzo Aduba reacting to her name being announced for the SAG Award. 
5.60633E+17,Cookie and Lucious gonna fuck or nah?
5.60947E+17, This is where he should've gotten his Oscar RT  
5.61241E+17,Whyyyy am I at this office right now?
5.61243E+17,"I like ""I Bet"" by Ciara. BUT, she spoke gospel on ""My Love."""
5.61591E+17,People absolutely have to chill 
5.61963E+17,I've always thought she handled Whitney's passing relatively well. I know if I were in her situation I would STILL be an absolute wreck.
5.61964E+17,I'm also sad for Bobby Brown.
5.62019E+17, Thank you @JeniferLewis for helping to get @BetteMidler to see me. Hi Bette!!! ???????????? 
5.62021E+17, Buju Bane-ton? 
5.62022E+17, she's so cute!
5.62028E+17," Idina gotta sneak at least one ""let it go"" into the anthem"
5.62044E+17,Where are the funny commercials???
5.62045E+17,Still fuckin Vin Diesel easily 72 years old
5.62062E+17, Super Bowl lol
5.62067E+17,The two racist white ladies
5.62071E+17, Whoever approved these commercials needs to lose their job bc they are terrible!
5.62073E+17, When ur girl googles a sports fact ur 100% sure about  Caption This  
5.62075E+17, Bud Light: We Make Your Nightmares Come True.
5.62091E+17, It's okay America. You still have these Hawks.
5.62252E+17,If you live in Atlanta (I wouldn't know about the list for other cities) sign up for eventbrites monthly calendar
5.62439E+17, That Meek and Nicki pic is hurting some hearts out here? 
5.6302E+17,"I would really like to be at home possibly crying, yet being productive at the same time. But, the world needs me."
5.63022E+17,I do!!!  you need a hug
5.63023E+17, this represents my hug back to you haha
5.63024E+17, lol
5.6312E+17,And this lady in here is about to turn up
5.63195E+17,  Copped 
5.63512E+17, Unpacking Blackness in M??xico. . #BlackHistory #AfroMexican 
5.63925E+17,Tirrrrred. Great day.
5.64131E+17,"If you have to open any Vine link I tweet, make it this one. "
5.64132E+17, it's very pretty
5.64133E+17," yes, yes. I love Bob!"
5.64159E+17,How is Nas still fine?
5.64204E+17, Awww this is nice. A Papp probably fell or something lololol
5.6425E+17," fam tell me you've seen this plz
"
5.6458E+17, Applied for a job and got this email back 
5.64626E+17,taylor swifts dress though 
5.64628E+17, #igetbeggin. Best part of #thegrammys
5.64638E+17, Jay running the gauntlet of emotions when Kanye got up on stage 
5.6464E+17, props to the #grammys for putting #ASAPYams on that # InMemoriam screen.
5.64642E+17,Too bad Ledisi isn't gonna sing the song SHE sang on the #Selma soundtrack. 
5.64643E+17, Third #BlackLivesMatter sighting at the GRAMMMYs with Beyonce performance. 
5.6484E+17,Already a fan of 
5.64956E+17,NO NO NO. NOPE. NOT HAPPENING. 
5.64957E+17,"Anchorage, I need you to find every bit of chill you can. Smfh"
5.6497E+17,Lol I like Sky
5.64976E+17,Where's Max???
5.65332E+17, This made me laugh myself to sleep last night. 
5.65564E+17,"""Jesus Christ had dreads; so, shake 'em"""
5.65565E+17,This DJ is from Cali. No doubts about it.
5.65574E+17,Public melt downs are the worse.
5.65662E+17,That pic is hilarious
5.66297E+17,è I support this 100%
5.66298E+17,I've been calling/emailing customer service offices so much lately. I turn into Wanda more and more each day.
5.66301E+17,My favorite thing right now is to see a pic of chunky baby legs with baby sneakers on.
5.66351E+17,If u dont have this type of love dont even attempt to celebrate Valentine's Day 
5.66441E+17, Fucking disgusting.  IS THIS A JOKE........... 
5.66648E+17,The wife is crafty
5.66651E+17,If you find somebody that you dont mind when they reach across the table n eat food off your plate...lock that shit down
5.66658E+17," then THIS catapulted onto my TL 
"
5.66697E+17,Phone's at 10% 
5.66718E+17, Well shit I did try. Maybe you're right.. I'm just to old to get it. You cool tho?
5.67096E+17, too much sugar?
5.67441E+17, Amber Rose spoke on the real problem... So called men abandoning they kids n fianc??e to be on some child predator shit
5.67492E+17, yes! So cute
5.6754E+17," And The Bugged Part? @QuincyDJones Was Her A&amp;R.  Lesley Gore, Teenage Voice of Heartbreak, Dies at 68 "
5.67711E+17," ""Your resume is nice but..."" BUT NOTHING YOU READ THE SHIT BEFORE THE INTERV"
5.67725E+17," lol like the new lieberry, kindygarden, and what else? "
5.67745E+17,I'm just here. In this office.
5.67769E+17, you're back! I was hoping you were cool
5.67789E+17,You ever hear people talk an insane amount of shit and wonder how they talk about you when you're not there? Yeah...
5.67897E+17, Universe. You know what I want. Work that shit out.
5.68076E+17,"So, Quincy says he was supposed to play Hakeem on ""Empire"" and I low key feel like that role was written for him."
5.68118E+17,"Today in 2004, Kanye West owns Billboard, The College Dropout debuts #2, ""Slow Jamz"" is #5 single, the ROC is on fire "
5.6812E+17,SELFIE WITH THE MAILMAN FOR NOT BRINGING ME NO BILLS TODAY 
5.68218E+17,"""You wanna order your hot comb?"" ""...It's a flat iron."" "
5.68609E+17,I'm confused 
5.68887E+17," Amber Rose is getting attacked by Exes, their extended family, Kardashians, their friends &amp; media...for truth telling &amp;"
5.69204E+17,Supposed to be studying Excel. No.
5.69591E+17,*Rick James ep of #ChappelleShow*
5.69912E+17," Free pancakes at IHOP, free doughnut at Krispy Kreme, free coffee at Chick-fil-A, &amp;more "
5.69913E+17, omfg! Lisa Bonet makes rare public appearance with daughter Zoe Kravitz at the #VanityFairOscarParty! 
5.69947E+17," OBAMA KEEPING PROMISES RT @YahooTech: Apple just showed off its new, diverse emoji   "
5.7064E+17,"lol lowkey I thought this was early. But I was like she said its her bday, then it is haha"
5.70641E+17, yay!!! Congratulations! I'm trying to be on that same boat by Friday 
5.70771E+17, Lucius is such a shady name
5.70776E+17,  JAMAL IS GIVING YOU SMOOTH SHAHS OF SUNSET REALNESS. 
5.70777E+17,YASSSS JAMAL
5.7078E+17, lucious came to work the next day like... 
5.70781E+17,"Always, always Atlanta. #catfishmtv"
5.70782E+17, I'm going to Google with this lol
5.70783E+17,Questions that need answers.
5.70793E+17,She looks like Foxy Brown 
5.70794E+17,"That looks like a nightmare. But, I know that's typical."
5.70796E+17,"I didn't mean to type ""b,"" but it worked lol"
5.708E+17,"I still want to know how Brittney on ""The Game"" went from 10 years old to 18."
5.7137E+17,Attempting to write this script and it's certainly not my forte. A LOT of brainstorming is necessary.
5.71524E+17,"""Oh, I see I gotta give you a pep talk."" "
5.71528E+17,I thought that was the Promenade Pimp
5.7186E+17, Nah little boy was sanging and you can't tell me otherwise  
5.71929E+17,RhemaAlexandra tried to put me on a gay nigga tonight; she's disrespectful
5.72134E+17," CAPS THAT SHIT ""!!!!!!!!!! !!!!!!!!!! !!!!!!!!!! Is Morris Day getting any of those Uptown"
5.72173E+17, my brother and his wife climbed to the top of a mountain at 2:00 am to see the northern lights over Anchorage. 
5.72549E+17,And very sad.
5.72559E+17,Are there greens too?  Grandma made some hot water corn bread I can't turn that down.
5.7256E+17, ALL DAY 
5.72565E+17,That commercial grinds my gears. 
5.72566E+17,"It took Charlie Murphy to tell this dirtbag to go get his family. Obviously scripted, I know."
5.72567E+17,"""Walk of Shame Shuttle"" = watered down ""Taxicab Confessions,"" I'm guessing."
5.7257E+17,"""I just wanna be to myself for a moment and, like, not with you."" "
5.72576E+17," Forgetting your clothes, I can excuse. Forgetting that shoes aren't edible, I cannot. "
5.72577E+17,"Kimbella, go away."
5.72652E+17, thank you!
5.73153E+17,"Groupon code, Spa Sydell, #ATL Street Food Fest, ATL Beer Carnival, movie tix, GA RenFest, Cellar 56 &amp;more "
5.73159E+17,*I Hate His Bromance
5.73229E+17," There's also a couple positions for Digital a Media interns! Must be in 18 or older &amp; live in ATL. Stipend provided.

"
5.73256E+17,No disrespect to their families...
5.73257E+17,"I've been avoiding baby showers like the plague. But, that's anotha story for anotha taaahme."
5.73258E+17,"? no, no, no. But, in the meantime is baby trying to make an entrance?"
5.73262E+17,"oh, hey girl!!!"
5.73273E+17,just watched this like ten times. RT @Teezy_2Sleezy: After @karrueche heard about Chris Brown baby she was like.... 
5.73353E+17, Viola tho ???ç RT @deeepthot this was a cover from back in 2009. how dope is this????? #Empire #HowToGetAwayWithMurder httÉ??
5.73493E+17,"if your girl texts u ""u wanna know whats crazy?"" just turn ya phone off u do not wanna know whats crazy my nigga"
5.73666E+17," Clarence would have been dead already, but I appreciate it."
5.7367E+17, Marcus is being played by the extraordinary 
5.73672E+17, I don't think my black sensitivities can handle the direction of this episode.
5.73673E+17,I don't know lol
5.73674E+17," ""Just get him to 18."" Thanks for this episode,"
5.73675E+17, Shonda better make this shit right. 22 minutes.
5.73676E+17,They're gonna put him on paid leave.
5.73678E+17,Who guessed??? I was right.
5.73679E+17,"No, no, NOPE. My allergies, man."
5.7368E+17,"I'm turning to ""Modern Family."" I need a laugh."
5.73681E+17, GIRL.
5.73908E+17, Golden Girls Prayer Candles
5.73982E+17,"quick reminder ..... x-mas day has been changed to March 23, 2015 for 1 yr.... "
5.74328E+17,"But, it would still feel like a victory."
5.74365E+17, Breathtaking 
5.74385E+17,Shouts to all my fellow Daylight Saving Time truthers out there #Staywoke
5.74727E+17,Deb!!!
5.74729E+17,Buuuut... You are.
5.74734E+17," It's like none of them give me time to hate them, because someone else makes me hate them more in the same scene."
5.74736E+17,"""Bye, Pink Panther."""
5.75067E+17,I still love that song 
5.75068E+17,Kanye
5.75085E+17,Diamond is a different strain of stupid.
5.75086E+17,Hey man. Where's Diamond's daughter? Is she getting any attention??
5.75094E+17,"""That's your verse?"" My thoughts exactly."
5.75095E+17," ""Who did it""
Me: ""I ain't snitching fam""
Police: ""You're facing 25 to life"" "
5.75353E+17,R.I.P. Static Major
5.75443E+17,"show this on a job interview and be like ""u gotta hear both sides"" "
5.75825E+17,Sooo... Is that Lucious' baby?
5.75826E+17,This sounds like an Usher song.
5.75828E+17, Hakeem looks like all of the studs
5.75836E+17,Jamal ain't neva scared.
5.76151E+17,My emotions and/or moods are on a yo-yo these days 
5.76155E+17,So many plans that I'm excited for just year. I just need some things to get rolling
5.762E+17,He did all that and can't come upstairs?
5.76442E+17, Sxsw got metal detectors or nah? Asking for a friend
5.76443E+17,"Edits to Wikipedia pages on Bell, Garner, Diallo traced to 1 Police Plaza "
5.76477E+17,*Adds 'Trap Queen' to Facebook name*
5.76495E+17,I'd enjoy sitting somewhere cute with an adult beverage. I don't see that happening though.
5.76515E+17,starbucks for breakfast teas. 
5.76536E+17,"Atlanta people, Main Event is nice. Also, $5 Long Islands "
5.76538E+17, same complex as Copland's by Cumberland
5.76539E+17, When she just caught you  texting  a bitch at a family function 
5.76574E+17,I'd enjoy getting hyphy next
5.76575E+17, we have to keep the tradition going
5.76578E+17,I'm going to Costco and making my own
5.76603E+17,"""We gon' fuck around, mmm..."""
5.76604E+17,"""That's why I stay ready."""
5.76783E+17,BLACK LOVE!!!!!
5.76784E+17,Some of these prom proposals are better than some marriage proposals lol
5.76787E+17, haha! I'm pretty sure if I were one of their mothers I'd be irritated 
5.77223E+17,Lol!
5.77523E+17, The way my sleep schedule/energy is set-up 
5.78058E+17, Black men. Y'all so fine
5.78358E+17,Is this dress church appropriate?
5.78362E+17,How come the U.S. no like Rita???
5.78368E+17,"""So what I'm GAAAAY!"" "
5.78369E+17,Why. Are. They. Remaking. EVERYTHING?!?! leave it alone.
5.7837E+17,Jamal and these dramatic ticks
5.78372E+17,My ears don't like that intro.
5.78374E+17,I'm gonna need Jamal to remember where his loyalties lie.
5.78378E+17,This girl's mom 
5.7838E+17,"Hey guys, why can't people just watch shows and have fun? "
5.7839E+17," Talkin about his lack of a ""comfort zone"" meanwhile this chick buying him all these gifts"
5.78723E+17, Dust buster???
5.78725E+17,Where did they find this wig?
5.78727E+17, what's a dust buster?
5.78732E+17,Black penis made Olivia get PTSD
5.78735E+17, How should white fans approach the É??overwhelming blacknessÉ?ù of Kendrick LamarÉ??s new album? 
5.78737E+17,I hope Huck doesn't die.
5.79319E+17," Fuck you R&amp;B niggas, Zeke sing all the hooks."
5.79365E+17,I feel old 
5.79434E+17," ""Stuff that alligator in that dolphin"" - God creating sharks"
5.80083E+17,Interview tiiime 
5.8019E+17," People are so scared not to ""have the upper hand."" But you'll never click with someone if you can't open "
5.80586E+17,"""A Couple of Forevers"" does something to me"
5.80587E+17,Good Luvin' is greatness without Ludacris. Really can't say that enough.
5.80611E+17,Happiness is not a goal...it's a by-product of a life well lived. - Eleanor Roosevelt
5.80781E+17, Jimmy Henchman Sentenced to Life Plus 20 Years For Murder of G-Unit's Lodi Mack  
5.80782E+17," Hi, what is the marital status of the two Georges on the left "
5.8126E+17,"Hey Cyrus, where's your baby?"
5.81263E+17,This throwback wig 
5.81531E+17,"Not sure if I wanna cry, scream, or pretend like I'm schleep."
5.81532E+17,"Or, or, wait for it... Get a drank."
5.81928E+17,Went walking and absolutely don't feel like moving now.
5.81929E+17,I'm not even really tired. Just pretty content with not moving 
5.8193E+17, Boko Haram said to have decapitated 23 Nigerian villagers in late-night raid. 
5.8197E+17,"I'm listening, Kae. "
5.81971E+17,#LosAngela
5.81976E+17, I know Wayne's girlfriend/Dream's baby mama ain't bout to come preach....
5.81982E+17,"No, Iyanla."
5.81983E+17, I love Iyanla. She's like a freelance auntie. I want to hug her before I die.
5.81985E+17,"""Apocalypto"" always got me like "
5.82028E+17, When you lied on your resume about being proficient at Excel 
5.82223E+17, Beautiful women who read books n love kids n animals n Pixar movies n smell like tropical fruits but can quote Pusha-T 
5.82224E+17,I should've ate #breakfass 
5.82249E+17,Phone is dying and I'll be in this place forever. Remember me 
5.82257E+17,Car chargers save lives 
5.82405E+17,You know your day was real when you have an open bottle of champagne on your nightstand
5.82633E+17,There are years that ask questions and years that answer
5.82718E+17,UNCF saved my college career
5.83027E+17,1 episode left of #BetterCallSaul. I need #moar.
5.83029E+17," I want to flip over this ""Exodus"" display in Best Buy and yell ""Moses didn't eat green bean casserole"" but they'll probably shÉ??"
5.83048E+17, Incase you're having a bad day...my prom dress came in 
5.83439E+17,Faves.
5.8344E+17, My girls killed it! .Inspired Baby Shower  
5.83652E+17,"Today in 2002, Cam'ron drops Oh Boy, Jay-Z refuses to be in video, when he offers Cam a verse for remix, Cam refuses"
5.83739E+17, Awww
5.8374E+17, Wait a minute... I have questions.  
5.8381E+17,"Bye, David."
5.84431E+17,One of the things my wife and I have intentionally set out to do is give our children experiences weÉ?? 
5.84617E+17,Suspend your disbelief and imagine an HBCU's team losing in the Final Four and their fans doing this. 
5.84802E+17, Johns Hopkins University sued for $1 billion for STD experiments on people of color 
5.84809E+17,"Can someone explain lace-front beards to me, please?"
5.85178E+17,Yall really just gotta mind your own business and live your life and create your own happÉ??
5.85231E+17, Erica so extra
5.85233E+17, seven minutes in and im still tryna figure out who tf erica mena thinks she is 
5.85236E+17," Oh no we can't get married yet but I'm gon do this commitment ceremony  and change my last name. 

K."
5.85239E+17,"""Go back to L.A. with your dog."""
5.85243E+17,And her mother is defending her...
5.8526E+17,"Missed 20 minutes of my show. Thanks, Dish."
5.85262E+17,"One of the things I appreciate about my old job, is that it got me into the habit of setting daily goals."
5.85276E+17,"In ""American Hustle,"" Bradley Cooper looks like Drake and it's weird."
5.85591E+17," I'm like ""when did this happen?"" Lol"
5.85593E+17,"So, I'm getting this job next week. Mmkay?"
5.85594E+17,I'm too excited to run away Friday 
5.85858E+17,Christopher Keelty gets it. This cartoon wld be even funnier if it weren't so accurate.
5.85867E+17,I always strongly hated the Ne-Yo version.
5.85873E+17, They've essentially made it illegal to seek safety away from police who are demonstrably a threat to Black survival. ConvÉ??
5.85875E+17, After seein the 2nd slightly less fast n furious trailer for the NWA movie I can confirm its bout to be 
5.85885E+17,Did this update and I see no brown emojis 
5.85947E+17,"From now on,  this is Chris Brown."
5.85976E+17,Just tweet normal business shit.
5.8626E+17,Know what you are paying for! Ask questions before handing over your money! The price of Simply Lemonade has shot up. Fuck É??
5.86357E+17,"Hey guys, apple App Store has a 30 day free trial of HBO Now."
5.86492E+17, a good number?
5.86495E+17, oh lol
5.86923E+17," Here's the full Kendrick Lamar reference verse for Kanye West's ""All Day"" "
5.87415E+17,"""Oh, my goodness. She's looking fine.""-Nev of ""Catfish"""
5.87677E+17,"""Did you get my text?"" What is that? I can be reached on my Yahoo Messenger."
5.87679E+17," RT for Jarule &amp; Ashanti
FAV for Fab &amp; Lil Mo"
5.87768E+17,"""Oh, God. He shot me, he shot me. And I didn't do shit."" "
5.87998E+17," While I'm happy that the teachers in Atlanta are being given a more humane sentence, the entire ordeal is ridiculous "
5.88E+17,I see we're only going to talk about  today.
5.88001E+17,Wish I could find this tumblr post saying it's understandable if you get confused on the who's who of black people getting killed by...
5.88002E+17,"Law enforcement, because it happens so often. "
5.88007E+17," because it speaks to a bigger issue; standardized tests. They were wrong. But, what caused them to be wrong."
5.88008E+17,"Those were the good days, Wiz."
5.88009E+17, usually
5.88051E+17,I hate these follow buttons on this app
5.88154E+17,Busy day tomorrow.
5.88157E+17,I remember thinking MIA was going to give birth on stage.
5.8816E+17,That's us women : She readin so damn much into a text.
5.88165E+17,we shall overcome
5.88166E+17, She's ruining this before it even starts. SMH 
5.88167E+17,"""You're gonna figure it out."" Saves lives "
5.88168E+17,Go home Roger #BeingMaryJane
5.88172E+17,The only consolation is getting Bill back home.
5.88173E+17,I feel it in my spirit that Ester Dean has so much money and I'm so happy for her.
5.88183E+17,me too and I don't even know what that is.
5.88184E+17, nice!
5.88215E+17," If you aren't doing it for Lil' Saint, maybe you shouldn't be doing it."
5.88392E+17,"Job Fair Tomorrow, Atlanta "
5.88393E+17,"But, in the meantime someone needs to pay me WELL."
5.88493E+17, Peter Gunz looks like an extra from a Dave Hollister video.
5.89173E+17,"When I care, I truly care."
5.89263E+17,I just want my food 
5.89464E+17," ""Yo Fams step outside right quick!"" "
5.89467E+17,"That article is so real. The most wealthy people, don't even ""look"" wealthy."
5.89468E+17,"I'm in such a good mood. I haven't felt this way in a really long time, I feel so happy."
5.89469E+17," when they told ben affleck they found something terrible in his past u know he immediately thought ""gigli"""
5.89519E+17,My folks! We had a great time last night at the Emmy FYC panel.
5.89866E+17, read it again . 
5.89913E+17, Mystery ailment kills victims within hours; 18 dead. .
5.89915E+17," first off, Black Thor would have dreads my nigga."
5.89916E+17,Because of them we can. 
5.89929E+17,Love it!
5.89944E+17,I'm oddly obsessed with aliens lol 
5.89945E+17,Currently attempting to zone out.
5.90168E+17,Happy holidaze to those who partake! 
5.90194E+17, Did you eat today? Did you have a place to lay your head? If so... Your problems might not be real problems.
5.90217E+17," Today in 1999, 13 people are killed at Columbine, Jay-Z, Damon Dash, DMX, Meth, Red donate Hard Knock Life tour money httÉ??"
5.90302E+17,I really had to pull out an ice pack for this migraine
5.90306E+17,Joseline is suspended for how many episodes?
5.90315E+17,"According to reality shows, when a man wants to be an asshole, he shows up to your photo shoot."
5.90327E+17,"Yep, still happy."
5.90335E+17,My niece is so cool 
5.9055E+17,It's not hard to see why someone dislikes Floyd.....he's a piece of shit outside the ring but a God inside
5.90588E+17,
5.90589E+17,Super blown that my getaway may not happen 
5.90696E+17, Bae leave me &amp; my kid for a teenager I'm gonna fight her mama every day til she turns 18
5.90697E+17,yass!!!
5.90718E+17,"See ya later, bye!"
5.90719E+17,l they're so annoying. I wish I could swap out the raisins for dried cranberries 
5.9072E+17,"But, I won't."
5.90835E+17, true!
5.90996E+17,Just caught my first tan of the year
5.91E+17,Tell your preacher stay off Rap Genius looking for material.
5.91021E+17, tried the chicken sandwich yesterday
5.91028E+17," the sandwich was spicy, I just B447should've B450loser attention and realized there was nacho cheese on it˙ it was too much"
5.91052E+17, I need a beach in my life very soon 
5.91445E+17,Raymond' child star commits suicide at 19  via @USATODAY
5.91563E+17,LRT is like a sci-du movie.
5.91753E+17,me too! I haven't watched that show in so long but I had the sad face this morning lol
5.91769E+17, girl...
5.9177E+17,"Now, I'm just sitting here like: ????. But hey, walk in your truth."
5.91771E+17,this shit is wild.
5.91772E+17,"Looking at Bruce's baby pics, all I see is Brody."
5.91773E+17,"Hey, Brody."
5.91777E+17,Bruce initially began transitioning in in the 80's
5.91782E+17,Some of you need to chill.
5.91785E+17,Brody so fine.
5.91786E+17,"If I'm going off of the little bit the TV show displays, Kendall always seemed to have more Jenner in her and that's why she's dope imo."
5.91787E+17,"Kylie's always been a fast ass, but that speaks more to her parenting than her."
5.91788E+17,fuck you Perez no one asked me to comment ....and I'm sitting with Bruce now watching this show so let's keep É??
5.9179E+17,"BruceJenner's story is to be respected whether the public eye ""gets it"" or not. Jenner's self identity is the only valid onÉ??"
5.91791E+17,"Yes, Bruce! You better speak on violence against Black Trans Women."
5.91792E+17,I'd really like to go make some food tho... 20 more minutes 
5.91998E+17,My phone is being... Fun. 3 hour delay on texts
5.91999E+17,This earthquake
5.92163E+17, Starlight Drive In
5.92166E+17,I like the blonde!
5.92373E+17,"21 years ago today ,OutKast released their debut album 'Southernplayalisticadillacmuzik'. #HappyAnniversary"
5.92542E+17,This. Sucks.
5.92551E+17,Jay Z hopped on Twitter defending #Tidal like... 
5.92819E+17," nah, Matthew is incredibly country."
5.92823E+17, So proud to announce that every high school in the U.S. will receive a FREE copy of Selma. Go team Selma! 
5.92824E+17,Men from the Nation of Islam stand between the neighborhood people and the police. BaltimoÉ??  http:/É??
5.92825E+17,"Enough with the ""#Baltimore is burning."" Baltimore burned in 1904. Now, a CVS is on fire. It's almost as if people are hÉ??"
5.92835E+17, I love black people
5.92839E+17,"This is why Twitter &amp; Social media is so important. Cause at the end of the day, Fox News or CNN, they all talk about blacÉ??"
5.92845E+17,"I'm still extremely confused about someone signing a 5 album deal with Kirk. Like, can we look at the track record???"
5.92846E+17,I'm going to conduck myself like a lady.
5.92847E+17,That shopping scene was very corny.
5.92848E+17,I really hope Rasheeda and Kirk's drama is fake.
5.92849E+17,What's on my television? 
5.9285E+17, I think things are bad enough without you being there. 
5.92851E+17,I was so disappointed in that Wendy's sandwich. Waste of calories
5.92852E+17,That baby 
5.92854E+17, Eve started out with Stevie J and ended up married to a billionaire. WHEN JESUS SAYS YES NOBODY CAN SAY NO.
5.92862E+17,I miss my school
5.92864E+17, Yo this is all I can think of when I see the picture of that kid in Baltimore in the UPS truck 
5.92889E+17,"If, God forbid, someone I love dearly is killed by someone because of their race, don't expect me to call for an end to riots."
5.9289E+17,Baltimore accents make my heart smile.
5.92891E+17,New Orleans as well.
5.92908E+17, This country spent a decade consuming Black #Baltimore's misery as entertainment on TV but now when real people rise up
5.93162E+17, Torn x LeToya still goes
5.93247E+17,Ciara is so pretty
5.93426E+17," Happy birthday to the legendary #DukeEllington. (April 29, 1899 É?? May 24, 1974) "
5.93444E+17,I think I'm old. I'm really excited to rent a rug doctor for my apartment
5.93448E+17," Dawg, you really don't understand how much ppl are influenced by the media until you talk to somebody without twitter."
5.93449E+17,I've been arrested/detained in Bmore. And my arrest was DEFINITELY unfair and brutal...a lot of my cast mates have the 
5.93454E+17,I have emoji errors all the time
